name,address,type,size
g_BulletTypeInfos,0x4556B0,global,200
th06::MidiTimer::`vftable',0x456528,vtable,4
th06::MidiOutput::`vftable',0x45652C,vtable,4
g_TextureFormatD3D8Mapping,0x456FE8,global,24
g_ZeroPointFive,0x457028,global,4
th06::CSound::`vftable',0x4573F8,vtable,4
th06::CStreamingSound::`vftable',0x4573FC,vtable,4
th06::IPbg3Parser::`vftable',0x457400,vtable,32
th06::Pbg3Parser::`vftable'{for `th06::IPbg3Parser'},0x457420,vtable,32
th06::Pbg3Parser::`vftable'{for `th06::FileAbstraction'},0x457440,vtable,40
th06::FileAbstraction::`vftable',0x45746C,vtable,40
c_dfDIJoystick2,0x457684,global,24
c_dfDIKeyboard,0x45788C,global,24
CD3DXFont::`vftable',0x4578BC,vtable,36
CD3DXSprite::`vftable',0x4578E0,vtable,32
_IID_ID3DXSprite,0x457950,global,16
_IID_ID3DXFont,0x457960,global,16
CD3DXCodec::`vftable',0x457970,vtable,12
CD3DXCodecYUV::`vftable',0x4579BC,vtable,12
CD3DXCodecDXT::`vftable',0x4579FC,vtable,12
CD3DXCodec_R8G8B8::`vftable',0x457A08,vtable,12
CD3DXCodec_A8R8G8B8::`vftable',0x457A14,vtable,12
CD3DXCodec_X8R8G8B8::`vftable',0x457A20,vtable,12
CD3DXCodec_R5G6B5::`vftable',0x457A2C,vtable,12
CD3DXCodec_X1R5G5B5::`vftable',0x457A38,vtable,12
CD3DXCodec_A1R5G5B5::`vftable',0x457A44,vtable,12
CD3DXCodec_A4R4G4B4::`vftable',0x457A50,vtable,12
CD3DXCodec_R3G3B2::`vftable',0x457A5C,vtable,12
CD3DXCodec_A8::`vftable',0x457A68,vtable,12
CD3DXCodec_A8R3G3B2::`vftable',0x457A74,vtable,12
CD3DXCodec_X4R4G4B4::`vftable',0x457A80,vtable,12
CD3DXCodec_A8P8::`vftable',0x457A8C,vtable,12
CD3DXCodec_P8::`vftable',0x457A98,vtable,12
CD3DXCodec_L8::`vftable',0x457AA4,vtable,12
CD3DXCodec_A8L8::`vftable',0x457AB0,vtable,12
CD3DXCodec_A4L4::`vftable',0x457ABC,vtable,12
CD3DXCodec_V8U8::`vftable',0x457AC8,vtable,12
CD3DXCodec_L6V5U5::`vftable',0x457AD4,vtable,12
CD3DXCodec_X8L8V8U8::`vftable',0x457AE0,vtable,12
CD3DXCodec_Q8W8V8U8::`vftable',0x457AEC,vtable,12
CD3DXCodec_V16U16::`vftable',0x457AF8,vtable,12
CD3DXCodec_W11V11U10::`vftable',0x457B04,vtable,12
#CD3DXCodec_YUV::`vftable',0x457B10,vtable,12
CD3DXCodec_YUY2::`vftable',0x457B10,vtable,12
#CD3DXCodec_DXT1::`vftable',0x457B1C,vtable,12
#CD3DXCodec_DXT2::`vftable',0x457B1C,vtable,12
CD3DXCodec_DXT3::`vftable',0x457B1C,vtable,12
#CD3DXCodec_DXT4::`vftable',0x457B1C,vtable,12
#CD3DXCodec_DXT5::`vftable',0x457B1C,vtable,12
IID_IDirectSoundNotify,0x45A698,global,16
GUID_SysKeyboard,0x45A6A8,global,16
IID_IDirectInput8A,0x45A748,global,16
IID_IDirectDraw7,0x45A758,global,16
IID_IDirectDraw2,0x45A768,global,16
GUID_NULL,0x45A778,global,16
#IID_IUnknown,0x45A788,global,16
__lookuptable,0x45A910,global,89
One,0x45A9B0,global,8
_DEFAULT_CW_in_mem,0x45A9B8,global,2
_pi_by_2_to_61,0x45A9BA,global,10
DblMax,0x45AA00,global,8
DblMin,0x45AA08,global,8
IeeeAdjO,0x45AA10,global,8
IeeeAdjU,0x45AA18,global,8
_infinity,0x45AA20,global,8
_zero,0x45AA28,global,8
rcp_t1,0x45B190,global,1040
log2_t1,0x45B5A0,global,4128
rcp_t2,0x45BDB0,global,1040
log2_t2,0x45C1C0,global,2064
rcp_t3,0x45C9D0,global,2064
log2_t3,0x45D1E0,global,4112
clv,0x45E1F0,global,32
exp2_tbl,0x45E210,global,2048
Shifter,0x45EA10,global,16
SIGMASK,0x45EA20,global,16
ONEMASK,0x45EA30,global,16
ABSVALMASK,0x45EA40,global,16
cev,0x45EA50,global,40
HALFSIG,0x45EA78,global,8
LHN,0x45EA80,global,8
sNaN,0x45EA88,global,8
INF,0x45EA90,global,8
NEG_INF,0x45EA98,global,8
NEG_ZERO,0x45EAA0,global,8
EMIN,0x45EAA8,global,8
QIND,0x45EAB0,global,8
_ctype,0x45EAC0,global,520
__rtc_izz,0x45F368,global,4
__rtc_tzz,0x45F370,global,4
__xc_a,0x461000,global,4
__xc_z,0x46108C,global,4
__xi_a,0x461090,global,4
__xi_z,0x4610A8,global,4
__xp_a,0x4610AC,global,4
__xp_z,0x4610B4,global,4
__xt_a,0x4610B8,global,4
__xt_z,0x4610C0,global,4
g_StageFiles,0x4610D0,global,64
th06::g_SpellcardScore,0x461110,global,256
th06::g_EclExInsn,0x461210,global,4
th06::g_PatchouliShottypeVars,0x461254,global,48
th06::g_Effects,0x461288,global,160
th06::g_RandomItems,0x461328,global,32
th06::g_EffectsColorWithTextureBlending,0x461348,global,112
th06::g_EffectsColorWithoutTextureBlending,0x4613B8,global,112
th06::g_EffectsColor,0x461428,global,4
th06::g_BulletSpawnEffects16Colors,0x461430,global,64
th06::g_BulletSpawnEffects8Colors,0x461470,global,32
COLOR1,0x461490,global,4
COLOR2,0x461494,global,4
COLOR3,0x461498,global,4
COLOR4,0x46149C,global,4
th06::g_ExtraLivesScores,0x4614A0,global,20
g_EclFiles,0x4614B4,global,36
g_AnmStageFiles,0x4614D8,global,64
g_DifficultyInfoForReplay,0x461518,global,60
g_DifficultyInfo,0x461554,global,60
th06::g_ControllerMapping,0x461590,global,18
th06::g_CMyFont,0x4615A4,global,8
th06::g_ZunMemory,0x4615AC,global,4
th06::g_GameErrorContext,0x4615B0,global,4108
th06::g_FormatInfoArray,0x4625C0,global,168
th06::g_PowerItemScore,0x462668,global,124
th06::g_PowerUpThresholds,0x4626E4,global,44
th06::g_BombData,0x462710,global,32
th06::g_CharData,0x462730,global,120
th06::g_CharacterPowerBulletDataReimuARank1,0x4627A8,global,36
th06::g_CharacterPowerBulletDataReimuARank2,0x4627D0,global,108
th06::g_CharacterPowerBulletDataReimuARank3,0x462840,global,144
th06::g_CharacterPowerBulletDataReimuARank4,0x4628D0,global,180
th06::g_CharacterPowerBulletDataReimuARank5,0x462988,global,180
th06::g_CharacterPowerBulletDataReimuARank6,0x462A40,global,252
th06::g_CharacterPowerBulletDataReimuARank7,0x462B40,global,324
th06::g_CharacterPowerBulletDataReimuARank8,0x462C88,global,324
th06::g_CharacterPowerBulletDataReimuARank9,0x462DD0,global,432
th06::g_CharacterPowerDataReimuA,0x462F80,global,108
th06::g_CharacterPowerBulletDataReimuBRank1,0x462FEC,global,36
th06::g_CharacterPowerBulletDataReimuBRank2,0x463010,global,108
th06::g_CharacterPowerBulletDataReimuBRank3,0x463080,global,144
th06::g_CharacterPowerBulletDataReimuBRank4,0x463110,global,144
th06::g_CharacterPowerBulletDataReimuBRank5,0x4631A0,global,180
th06::g_CharacterPowerBulletDataReimuBRank6,0x463258,global,252
th06::g_CharacterPowerBulletDataReimuBRank7,0x463358,global,252
th06::g_CharacterPowerBulletDataReimuBRank8,0x463458,global,396
th06::g_CharacterPowerBulletDataReimuBRank9,0x4635E8,global,396
th06::g_CharacterPowerDataReimuB,0x463778,global,108
th06::g_CharacterPowerBulletDataMarisaARank1,0x4637E4,global,36
th06::g_CharacterPowerBulletDataMarisaARank2,0x463808,global,108
th06::g_CharacterPowerBulletDataMarisaARank3,0x463878,global,180
th06::g_CharacterPowerBulletDataMarisaARank4,0x463930,global,180
th06::g_CharacterPowerBulletDataMarisaARank5,0x4639E8,global,180
th06::g_CharacterPowerBulletDataMarisaARank6,0x463AA0,global,216
th06::g_CharacterPowerBulletDataMarisaARank7,0x463B78,global,216
th06::g_CharacterPowerBulletDataMarisaARank8,0x463C50,global,324
th06::g_CharacterPowerBulletDataMarisaARank9,0x463D98,global,324
th06::g_CharacterPowerDataMarisaA,0x463EE0,global,108
th06::g_CharacterPowerBulletDataMarisaBRank1,0x463F4C,global,36
th06::g_CharacterPowerBulletDataMarisaBRank2,0x463F70,global,108
th06::g_CharacterPowerBulletDataMarisaBRank3,0x463FE0,global,108
th06::g_CharacterPowerBulletDataMarisaBRank4,0x464050,global,144
th06::g_CharacterPowerBulletDataMarisaBRank5,0x4640E0,global,144
th06::g_CharacterPowerBulletDataMarisaBRank6,0x464170,global,144
th06::g_CharacterPowerBulletDataMarisaBRank7,0x464200,global,180
th06::g_CharacterPowerBulletDataMarisaBRank8,0x4642B8,global,180
th06::g_CharacterPowerBulletDataMarisaBRank9,0x464370,global,252
th06::g_CharacterPowerDataMarisaB,0x464470,global,108
th06::g_AlphabetList,0x4644DC,global,4
th06::g_CharacterList,0x4644E0,global,24
g_RightAlignedDifficultyList,0x4644F8,global,20
g_ShortCharacterList2,0x46450C,global,16
th06::g_SoundBufferIdxVol,0x464520,global,256
th06::g_SFXList,0x464620,global,104
g_StageList,0x464688,global,28
g_ShortCharacterList,0x4646A4,global,16
g_DifficultyList,0x4646B4,global,20
g_LastJoystickInput,0x4646C8,global,2
?vfMMXMachine@D3DX@@3EA,0x46546C,global,1
?inflate_mask@D3DX@@3PAIA,0x4665D0,global,68
_FPinit,0x46661C,global,4
_OP_FMODjmptab,0x466660,global,80
__NLG_Destination,0x4666B0,global,16
_aexit_rtn,0x4666E0,global,4
__app_type,0x4666E4,global,4
_cfltcvt_tab,0x46670C,global,4
__nullstring,0x466724,global,4
__wnullstring,0x466728,global,4
_locktable,0x466730,global,288
_indefinite,0x466860,global,10
XAMtoTagTab,0x46687C,global,16
_amblksiz,0x466850,global,4
_OP_ATAN2jmptab,0x466890,global,80
__initiallocinfo,0x466A48,global,92
__ptlocinfo,0x466A9C,global,4
__tlsindex,0x466BD4,global,4
_d_inf,0x466CC8,global,8
_d_max,0x466CD8,global,8
over,0x466CF0,global,10
under,0x466CFC,global,10
_iob,0x466D08,global,640
errtable,0x466F88,global,360
__badioinfo,0x4670F0,global,8
__security_cookie,0x467114,global,4
rterrs,0x467118,global,144
_XcptActTab,0x4671A8,global,120
_First_FPE_Indx,0x467220,global,4
_Num_FPE,0x467224,global,4
_XcptActTabCount,0x46722C,global,4
_pmatherr,0x467230,global,4
_pctype,0x4672D8,global,4
# weird size
__lconv_c,0x4673A4,global,48
__lconv,0x4673D4,global,4
__rgctypeflag,0x4673F0,global,8
# weird size
__rgcode_page_info,0x4673F8,global,240
_matherr_flag,0x4674E8,global,4
th06::g_AsciiManagerOnDrawMenusChain,0x4678E0,global,32
th06::g_AsciiManager,0x467900,global,49580
th06::g_AsciiManagerCalcChain,0x473AAC,global,32
th06::g_AsciiManagerOnDrawPopupsChain,0x473ACC,global,32
th06::g_StageOnDrawHighPrioChain,0x473AF0,global,32
th06::g_Stage,0x473B10,global,756
th06::g_StageOnDrawLowPrioChain,0x473E04,global,32
th06::g_StageCalcChain,0x473E24,global,32
th06::g_PlayerShot,0x473E44,global,4
th06::g_PlayerDistance,0x473E48,global,4
th06::g_PlayerAngle,0x473E4C,global,4
th06::g_EclManager,0x473E50,global,364
th06::g_EclManagerCalcChain,0x473FBC,global,32
th06::g_EffectManager,0x473FE0,global,194948
th06::g_EffectManagerCalcChain,0x4A3964,global,32
th06::g_EffectManagerDrawChain,0x4A3984,global,32
th06::g_EnemyManagerDrawChain,0x4A39A8,global,32
th06::g_EnemyManager,0x4A39C8,global,976364
th06::g_EnemyManagerCalcChain,0x591FB4,global,32
th06::g_BulletManagerDrawChain,0x591FD8,global,32
th06::g_BulletManager,0x591FF8,global,1006616
th06::g_BulletManagerCalcChain,0x687C10,global,32
th06::g_Gui,0x687C30,global,44
th06::g_GuiDrawChain,0x687C5C,global,32
th06::g_GuiCalcChain,0x687C7C,global,32
th06::g_GameManager,0x687CA0,global,6784
th06::g_GameManagerCalcChain,0x689720,global,32
th06::g_GameManagerDrawChain,0x689740,global,32
th06::g_FocusButtonConflictState,0x689760,global,2
th06::g_Rng,0x689764,global,8
th06::g_Pbg3Archives,0x68976C,global,4
th06::g_CurFrameInput,0x689770,global,2
th06::g_LastFrameInput,0x689774,global,2
th06::g_IsEigthFrameOfHeldInput,0x689778,global,2
th06::g_NumOfFramesInputsWereHeld,0x68977C,global,2
th06::g_LastFileSize,0x689780,global,4
th06::g_Chain,0x689788,global,72
th06::g_ControllerData,0x689808,global,128
th06::g_TextBufferSurface,0x689888,global,4
g_ItemSize,0x68988C,global,12
$S9,0x689898,global,12
th06::g_ItemManagerDrawChain,0x6898A0,global,32
th06::g_ItemManager,0x6898C0,global,166220
th06::g_ItemManagerCalcChain,0x6B220C,global,32
th06::g_GameWindow,0x6B222C,global,32
g_ExclusiveMutex,0x6B224C,global,4
g_TickCountToEffectiveFramerate,0x6B2250,global,4
g_LastFrameTime,0x6B2258,global,8
g_FpsCounterBuffer,0x6B2260,global,256
g_NumFramesSinceLastTime,0x6B2360,global,4
g_LastTime,0x6B2364,global,4
g_LastTimeStaticGuard,0x6B2368,global,4
th06::g_Supervisor,0x6B2370,global,1184
g_MusicRoom,0x6B2810,global,13364
$S1,0x6B5C44,global,4
th06::g_Player,0x6B5C48,global,39152
th06::g_ReplayManager,0x6BF538,global,4
th06::g_ScreenEffect,0x6D3F1C,global,48
th06::g_SoundPlayer,0x6BF570,global,1592
th06::g_AnmManager,0x6BFBA8,global,4
th06::g_PrimitivesToDrawNoVertexBuf,0x6BFBB0,global,112
th06::g_PrimitivesToDrawVertexBuf,0x6BFC20,global,96
th06::g_PrimitivesToDrawUnknown,0x6BFC80,global,96
th06::g_MainMenu,0x6BFCE0,global,69428
?s_pList@CD3DXText@@1PAV1@A,0x6D17F8,global,4
__fastflag,0x6D1808,global,4
_aenvptr,0x6D1810,global,4
__error_mode,0x6D1818,global,4
_umaskval,0x6D181C,global,4
_osplatform,0x6D1820,global,4
_osver,0x6D1824,global,4
_winver,0x6D1828,global,4
_winmajor,0x6D182C,global,4
_winminor,0x6D1830,global,4
__argc,0x6D1834,global,4
__argv,0x6D1838,global,4
_environ,0x6D1840,global,4
_pgmptr,0x6D1850,global,4
_exitflag,0x6D1858,global,1
_C_Termination_Done,0x6D185C,global,4
_C_Exit_Done,0x6D1860,global,4
lclcritsects,0x6D1868,global,864
_newmode,0x6D19BC,global,4
_pnhHeap,0x6D19B8,global,4
_cflush,0x6D19CC,global,4
_stdbuf,0x6D19D4,global,8
_adbgmsg,0x6D19DC,global,4
_pgmname,0x6D19E0,global,264
f_use,0x6D1AE8,global,4
__crtInitCritSecAndSpinCount,0x6D1AEC,global,4
f_use,0x6D1AF0,global,4
__lc_time_intl,0x6D1AF8,global,4
__lconv_intl,0x6D1AFC,global,4
__lc_handle,0x6D1B24,global,24
__lc_codepage,0x6D1B3C,global,4
__lc_collate_cp,0x6D1B40,global,4
fSystemSet,0x6D1B68,global,4
_commode,0x6D1B6C,global,4
f_use,0x6D1B70,global,4
user_handler,0x6D1B74,global,4
pfnMessageBoxA,0x6D1B78,global,4
pfnGetActiveWindow,0x6D1B7C,global,4
pfnGetLastActivePopup,0x6D1B80,global,4
pfnGetProcessWindowStation,0x6D1B84,global,4
pfnGetUserObjectInformationA,0x6D1B88,global,4
_fmode,0x6D1C60,global,4
__mblcid,0x6D1C70,global,4
__ptmbcinfo,0x6D1C74,global,4
__ismbcodepage,0x6D1C78,global,4
_mbctype,0x6D1C80,global,256
__mbcodepage,0x6D1D84,global,4
__mbulinfo,0x6D1D90,global,12
_mbcasemap,0x6D1DA0,global,256
__ctype1_refcount,0x6D1EA0,global,4
__lconv_mon_refcount,0x6D1EA4,global,4
__lconv_num_refcount,0x6D1EA8,global,4
__use_sse2_mathfcns,0x6D1EAC,global,4
_nhandle,0x6D1EB4,global,4
__pioinfo,0x6D1EC0,global,256
__piob,0x6D1FC0,global,4
_nstream,0x6D2FE0,global,4
__sbh_pHeaderDefer,0x6D2FE4,global,4
__sbh_cntHeaderList,0x6D2FE8,global,4
__sbh_pHeaderList,0x6D2FEC,global,4
__sbh_threshold,0x6D2FF0,global,4
__sbh_pHeaderScan,0x6D2FF4,global,4
__sbh_sizeHeaderList,0x6D2FF8,global,4
__sbh_indGroupDefer,0x6D2FFC,global,4
_crtheap,0x6D3000,global,4
__active_heap,0x6D3004,global,4
__env_initialized,0x6D3008,global,4
__onexitend,0x6D300C,global,4
__onexitbegin,0x6D3010,global,4
__mbctype_initialized,0x6D3014,global,4
_acmdln,0x6D3018,global,4